{"cameraMode":{"drawMode":0,"name":"Shaded","section":"Shading Mode"},"sceneLighting":true,"audioPlay":false,"sceneViewState":{"showFog":true,"showMaterialUpdate":false,"showSkybox":true,"showFlares":true,"showImageEffects":true,"showParticleSystems":true},"in2DMode":false,"pivot":{"x":3.573026418685913,"y":0.5301825404167175,"z":-9.940245628356934},"rotation":{"x":0.2104623019695282,"y":-0.10535193979740143,"z":0.022819600999355317,"w":0.9716421365737915},"size":9.903079986572266,"orthographic":false}